period,org_code,org_name,nhs_region,type1_attendances_walkin,type1_attendances_booked,over_4hrs_walkin,over_4hrs_booked,waits_4_12hrs_dta,waits_12plus_hrs_dta,emergency_admissions_type1,other_emergency_admissions,type1_total_attendances,type1_total_over_4hrs,type1_pct_within_4hrs
2026-02-01,RCF,AIREDALE NHS FOUNDATION TRUST,NHS ENGLAND NORTH EAST AND YORKSHIRE ,5277,398,2307,0,419,262,1427,490,5675,2307,59.3
2026-02-01,RBS,ALDER HEY CHILDREN'S NHS FOUNDATION TRUST,NHS ENGLAND NORTH WEST ,5576,0,1114,0,0,0,896,214,5576,1114,80.0
2026-02-01,RTK,ASHFORD AND ST PETER'S HOSPITALS NHS FOUNDATION TRUST,NHS ENGLAND SOUTH EAST ,6942,0,3607,0,446,452,2844,506,6942,3607,48.0
2026-02-01,NTV0B,ASHFORD WALK-IN-CENTRE,NHS ENGLAND SOUTH EAST ,0,0,0,0,0,0,0,0,0,0,
2026-02-01,NL7,ASSURA VERTIS URGENT CARE CENTRES (BIRMINGHAM),NHS ENGLAND MIDLANDS ,0,0,0,0,0,0,0,0,0,0,
2026-02-01,8J094,BADGER LTD,NHS ENGLAND MIDLANDS ,0,0,0,0,0,0,0,0,0,0,
2026-02-01,G0Q0L,BARKING HOSPITAL UTC,NHS ENGLAND LONDON,0,0,0,0,0,0,0,0,0,0,
2026-02-01,RF4,"BARKING, HAVERING AND REDBRIDGE UNIVERSITY HOSPITALS NHS TRUST",NHS ENGLAND LONDON,12627,0,5281,0,564,628,3385,1762,12627,5281,58.2
2026-02-01,RFF,BARNSLEY HOSPITAL NHS FOUNDATION TRUST,NHS ENGLAND NORTH EAST AND YORKSHIRE ,8494,25,2102,0,372,1,3116,500,8519,2102,75.3
2026-02-01,R1H,BARTS HEALTH NHS TRUST,NHS ENGLAND LONDON,24013,0,10119,0,913,1271,3905,1254,24013,10119,57.9
2026-02-01,AD913,BECKENHAM BEACON UCC,NHS ENGLAND LONDON,0,0,0,0,0,0,0,0,0,0,
2026-02-01,RC9,BEDFORDSHIRE HOSPITALS NHS FOUNDATION TRUST,NHS ENGLAND EAST OF ENGLAND ,15343,0,5384,0,80,65,4819,2293,15343,5384,64.9
2026-02-01,RWX,BERKSHIRE HEALTHCARE NHS FOUNDATION TRUST,NHS ENGLAND SOUTH EAST ,0,0,0,0,0,0,0,0,0,0,
2026-02-01,RQ3,BIRMINGHAM WOMEN'S AND CHILDREN'S NHS FOUNDATION TRUST,NHS ENGLAND MIDLANDS ,4440,0,1021,0,34,1,559,168,4440,1021,77.0
2026-02-01,RXL,BLACKPOOL TEACHING HOSPITALS NHS FOUNDATION TRUST,NHS ENGLAND NORTH WEST ,7953,291,3837,94,357,624,2389,1414,8244,3931,52.3
2026-02-01,RMC,BOLTON NHS FOUNDATION TRUST,NHS ENGLAND NORTH WEST ,7382,34,3575,16,363,483,2304,921,7416,3591,51.6
2026-02-01,RAE,BRADFORD TEACHING HOSPITALS NHS FOUNDATION TRUST,NHS ENGLAND NORTH EAST AND YORKSHIRE ,8619,0,1977,0,572,75,2321,1232,8619,1977,77.1
2026-02-01,NNF09,BRANSHOLME HEALTH CENTRE,NHS ENGLAND NORTH EAST AND YORKSHIRE ,0,0,0,0,0,0,0,0,0,0,
2026-02-01,RY2,BRIDGEWATER COMMUNITY HEALTHCARE NHS FOUNDATION TRUST,NHS ENGLAND NORTH WEST ,0,0,0,0,0,0,0,0,0,0,
2026-02-01,NNF16,BRIDLINGTON HOSPITAL,NHS ENGLAND NORTH EAST AND YORKSHIRE ,0,0,0,0,0,0,0,0,0,0,
2026-02-01,Y02676,BRIGHTON STATION HEALTH CENTRE,NHS ENGLAND SOUTH EAST ,0,0,0,0,0,0,0,0,0,0,
2026-02-01,RXQ,BUCKINGHAMSHIRE HEALTHCARE NHS TRUST,NHS ENGLAND SOUTH EAST ,8435,0,3165,0,158,321,3031,1114,8435,3165,62.5
2026-02-01,RWY,CALDERDALE AND HUDDERSFIELD NHS FOUNDATION TRUST,NHS ENGLAND NORTH EAST AND YORKSHIRE ,14380,0,2581,0,1253,154,2654,156,14380,2581,82.1
2026-02-01,RGT,CAMBRIDGE UNIVERSITY HOSPITALS NHS FOUNDATION TRUST,NHS ENGLAND EAST OF ENGLAND ,10319,289,4672,69,480,558,2519,381,10608,4741,55.3
2026-02-01,RYX,CENTRAL LONDON COMMUNITY HEALTHCARE NHS TRUST,NHS ENGLAND LONDON,0,0,0,0,0,0,0,0,0,0,
2026-02-01,RQM,CHELSEA AND WESTMINSTER HOSPITAL NHS FOUNDATION TRUST,NHS ENGLAND LONDON,18241,564,5070,0,913,43,2675,394,18805,5070,73.0
2026-02-01,RFS,CHESTERFIELD ROYAL HOSPITAL NHS FOUNDATION TRUST,NHS ENGLAND MIDLANDS ,6796,0,3794,0,558,523,1794,137,6796,3794,44.2
2026-02-01,NQT1I,CHIPPENHAM COMMUNITY HOSPITAL,NHS ENGLAND SOUTH WEST ,0,0,0,0,0,0,0,0,0,0,
2026-02-01,RJ8,CORNWALL PARTNERSHIP NHS FOUNDATION TRUST,NHS ENGLAND SOUTH WEST ,0,0,0,0,0,0,0,72,0,0,
2026-02-01,RJR,COUNTESS OF CHESTER HOSPITAL NHS FOUNDATION TRUST,NHS ENGLAND NORTH WEST ,4892,0,2525,0,229,747,1713,1171,4892,2525,48.4
2026-02-01,RXP,COUNTY DURHAM AND DARLINGTON NHS FOUNDATION TRUST,NHS ENGLAND NORTH EAST AND YORKSHIRE ,11451,0,4871,0,1808,18,4119,736,11451,4871,57.5
2026-02-01,RYG,COVENTRY AND WARWICKSHIRE PARTNERSHIP NHS TRUST,NHS ENGLAND MIDLANDS ,0,0,0,0,0,0,0,42,0,0,
2026-02-01,RJ6,CROYDON HEALTH SERVICES NHS TRUST,NHS ENGLAND LONDON,12080,0,4902,0,214,685,1032,134,12080,4902,59.4
2026-02-01,RN7,DARTFORD AND GRAVESHAM NHS TRUST,NHS ENGLAND SOUTH EAST ,10902,0,2879,0,612,344,3495,276,10902,2879,73.6
2026-02-01,RY8,DERBYSHIRE COMMUNITY HEALTH SERVICES NHS FOUNDATION TRUST,NHS ENGLAND MIDLANDS ,0,0,0,0,0,0,0,0,0,0,
2026-02-01,NNJ,DHU HEALTH CARE C.I.C,NHS ENGLAND MIDLANDS ,0,0,0,0,0,0,0,0,0,0,
2026-02-01,RP5,DONCASTER AND BASSETLAW TEACHING HOSPITALS NHS FOUNDATION TRUST,NHS ENGLAND NORTH EAST AND YORKSHIRE ,12523,0,4722,0,1169,202,3663,1016,12523,4722,62.3
2026-02-01,RBD,DORSET COUNTY HOSPITAL NHS FOUNDATION TRUST,NHS ENGLAND SOUTH WEST ,3844,421,1646,111,183,91,1646,446,4265,1757,58.8
2026-02-01,RDY,DORSET HEALTHCARE UNIVERSITY NHS FOUNDATION TRUST,NHS ENGLAND SOUTH WEST ,0,0,0,0,0,0,0,4,0,0,
2026-02-01,RWH,EAST AND NORTH HERTFORDSHIRE TEACHING NHS TRUST,NHS ENGLAND EAST OF ENGLAND ,8724,0,4954,0,501,209,2085,211,8724,4954,43.2
2026-02-01,RJN,EAST CHESHIRE NHS TRUST,NHS ENGLAND NORTH WEST ,3856,73,2105,0,218,470,698,145,3929,2105,46.4
2026-02-01,RVV,EAST KENT HOSPITALS UNIVERSITY NHS FOUNDATION TRUST,NHS ENGLAND SOUTH EAST ,12507,0,5609,0,476,995,2566,436,12507,5609,55.2
2026-02-01,RXR,EAST LANCASHIRE HOSPITALS NHS TRUST,NHS ENGLAND NORTH WEST ,12044,0,4885,0,301,1059,3635,1701,12044,4885,59.4
2026-02-01,NNF94,EAST RIDING COMMUNITY HOSPITAL,NHS ENGLAND NORTH EAST AND YORKSHIRE ,0,0,0,0,0,0,0,0,0,0,
2026-02-01,RDE,EAST SUFFOLK AND NORTH ESSEX NHS FOUNDATION TRUST,NHS ENGLAND EAST OF ENGLAND ,10184,0,4342,0,768,559,4438,252,10184,4342,57.4
2026-02-01,RXC,EAST SUSSEX HEALTHCARE NHS TRUST,NHS ENGLAND SOUTH EAST ,8832,1293,3795,0,190,113,2637,508,10125,3795,62.5
2026-02-01,RVR,EPSOM AND ST HELIER UNIVERSITY HOSPITALS NHS TRUST,NHS ENGLAND LONDON,10245,0,3045,0,530,732,1848,80,10245,3045,70.3
2026-02-01,Y03007,ERDINGTON GP HEALTH & WELLBEING WIC,NHS ENGLAND MIDLANDS ,0,0,0,0,0,0,0,0,0,0,
2026-02-01,AQM01,FAVERSHAM MEDICAL PRACTICE MIU,NHS ENGLAND SOUTH EAST ,0,0,0,0,0,0,0,0,0,0,
2026-02-01,NDJ,FIRST COMMUNITY HEALTH AND CARE CIC,NHS ENGLAND SOUTH EAST ,0,0,0,0,0,0,0,0,0,0,
2026-02-01,RDU,FRIMLEY HEALTH NHS FOUNDATION TRUST,NHS ENGLAND SOUTH EAST ,20751,0,8634,0,1233,713,6003,142,20751,8634,58.4
2026-02-01,RR7,GATESHEAD HEALTH NHS FOUNDATION TRUST,NHS ENGLAND NORTH EAST AND YORKSHIRE ,5310,14,2298,7,667,1,1533,36,5324,2305,56.7
2026-02-01,RLT,GEORGE ELIOT HOSPITAL NHS TRUST,NHS ENGLAND MIDLANDS ,6469,0,1578,0,378,269,1115,0,6469,1578,75.6
2026-02-01,RTQ,GLOUCESTERSHIRE HEALTH AND CARE NHS FOUNDATION TRUST,NHS ENGLAND SOUTH WEST ,0,0,0,0,0,0,0,20,0,0,
2026-02-01,RTE,GLOUCESTERSHIRE HOSPITALS NHS FOUNDATION TRUST,NHS ENGLAND SOUTH WEST ,11930,400,4489,106,219,510,2498,2774,12330,4595,62.7
2026-02-01,NNFA7,GOOLE & DISTRICT HOSPITAL,NHS ENGLAND NORTH EAST AND YORKSHIRE ,0,0,0,0,0,0,0,0,0,0,
2026-02-01,RN3,GREAT WESTERN HOSPITALS NHS FOUNDATION TRUST,NHS ENGLAND SOUTH WEST ,5608,0,2936,0,364,444,2502,1155,5608,2936,47.6
2026-02-01,RJ1,GUY'S AND ST THOMAS' NHS FOUNDATION TRUST,NHS ENGLAND LONDON,9456,0,3677,0,167,67,1886,247,9456,3677,61.1
2026-02-01,RW1,HAMPSHIRE AND ISLE OF WIGHT HEALTHCARE NHS FOUNDATION TRUST,NHS ENGLAND SOUTH EAST ,0,0,0,0,0,0,0,111,0,0,
2026-02-01,RN5,HAMPSHIRE HOSPITALS NHS FOUNDATION TRUST,NHS ENGLAND SOUTH EAST ,9416,0,4819,0,197,18,3314,1050,9416,4819,48.8
2026-02-01,K6K0R,HAROLD WOOD POLYCLINIC UTC,NHS ENGLAND LONDON,0,0,0,0,0,0,0,0,0,0,
2026-02-01,RCD,HARROGATE AND DISTRICT NHS FOUNDATION TRUST,NHS ENGLAND NORTH EAST AND YORKSHIRE ,4569,232,1375,49,254,12,1018,305,4801,1424,70.3
2026-02-01,NVE43,HASTINGS GP LED HEALTH CENTRE,NHS ENGLAND SOUTH EAST ,0,0,0,0,0,0,0,0,0,0,
2026-02-01,DJV01,HERNE BAY HEALTH CARE LTD,NHS ENGLAND SOUTH EAST ,0,0,0,0,0,0,0,0,0,0,
2026-02-01,RY4,HERTFORDSHIRE COMMUNITY NHS TRUST,NHS ENGLAND EAST OF ENGLAND ,0,0,0,0,0,0,0,0,0,0,
2026-02-01,DT301,HERTS URGENT CARE (ASCOTS LANE),NHS ENGLAND EAST OF ENGLAND ,0,0,0,0,0,0,0,0,0,0,
2026-02-01,RQX,HOMERTON HEALTHCARE NHS FOUNDATION TRUST,NHS ENGLAND LONDON,10173,0,1682,0,174,19,1760,331,10173,1682,83.5
2026-02-01,RWA,HULL UNIVERSITY TEACHING HOSPITALS NHS TRUST,NHS ENGLAND NORTH EAST AND YORKSHIRE ,8887,0,4770,0,979,410,3733,1949,8887,4770,46.3
2026-02-01,RV9,HUMBER TEACHING NHS FOUNDATION TRUST,NHS ENGLAND NORTH EAST AND YORKSHIRE ,0,0,0,0,0,0,0,0,0,0,
2026-02-01,RYJ,IMPERIAL COLLEGE HEALTHCARE NHS TRUST,NHS ENGLAND LONDON,11379,0,4645,0,494,0,3165,1091,11379,4645,59.2
2026-02-01,R1F,ISLE OF WIGHT NHS TRUST,NHS ENGLAND SOUTH EAST ,3551,17,1235,0,211,159,1249,114,3568,1235,65.4
2026-02-01,RGP,JAMES PAGET UNIVERSITY HOSPITALS NHS FOUNDATION TRUST,NHS ENGLAND EAST OF ENGLAND ,6735,0,2319,0,497,358,1497,451,6735,2319,65.6
2026-02-01,RYY,KENT COMMUNITY HEALTH NHS FOUNDATION TRUST,NHS ENGLAND SOUTH EAST ,0,0,0,0,0,0,0,0,0,0,
2026-02-01,RNQ,KETTERING GENERAL HOSPITAL NHS FOUNDATION TRUST,NHS ENGLAND MIDLANDS ,9960,0,3820,0,569,504,1703,339,9960,3820,61.6
2026-02-01,RJZ,KING'S COLLEGE HOSPITAL NHS FOUNDATION TRUST,NHS ENGLAND LONDON,14307,54,6570,18,1448,833,3299,302,14361,6588,54.1
2026-02-01,RAX,KINGSTON AND RICHMOND NHS FOUNDATION TRUST,NHS ENGLAND LONDON,6356,0,3413,0,227,467,2210,677,6356,3413,46.3
2026-02-01,RXN,LANCASHIRE TEACHING HOSPITALS NHS FOUNDATION TRUST,NHS ENGLAND NORTH WEST ,11011,148,4312,31,919,393,2770,1238,11159,4343,61.1
2026-02-01,C82038,LATHAM HOUSE MEDICAL PRACTICE,NHS ENGLAND MIDLANDS ,0,0,0,0,0,0,0,0,0,0,
2026-02-01,RR8,LEEDS TEACHING HOSPITALS NHS TRUST,NHS ENGLAND NORTH EAST AND YORKSHIRE ,16690,42,6740,13,1002,884,3344,1120,16732,6753,59.6
2026-02-01,RJ2,LEWISHAM AND GREENWICH NHS TRUST,NHS ENGLAND LONDON,14807,0,7625,0,1020,703,3485,484,14807,7625,48.5
2026-02-01,RY5,LINCOLNSHIRE COMMUNITY HEALTH SERVICES NHS TRUST,NHS ENGLAND MIDLANDS ,0,0,0,0,0,0,0,0,0,0,
2026-02-01,RBQ,LIVERPOOL HEART AND CHEST HOSPITAL NHS FOUNDATION TRUST,NHS ENGLAND NORTH WEST ,0,0,0,0,0,0,0,120,0,0,
2026-02-01,REM,LIVERPOOL UNIVERSITY HOSPITALS NHS FOUNDATION TRUST,NHS ENGLAND NORTH WEST ,14733,494,7314,206,711,1234,4754,2234,15227,7520,50.6
2026-02-01,REP,LIVERPOOL WOMEN'S NHS FOUNDATION TRUST,NHS ENGLAND NORTH WEST ,0,0,0,0,0,0,0,9,0,0,
2026-02-01,NNJ0H,LLR EA - THE MERLYN VAZ HEALTH & SOCIAL CARE CENTRE,NHS ENGLAND MIDLANDS ,0,0,0,0,0,0,0,0,0,0,
2026-02-01,ARN03,LOCAL CARE DIRECT,NHS ENGLAND NORTH EAST AND YORKSHIRE ,0,0,0,0,0,0,0,0,0,0,
2026-02-01,R1K,LONDON NORTH WEST UNIVERSITY HEALTHCARE NHS TRUST,NHS ENGLAND LONDON,12235,0,6214,0,619,374,5817,282,12235,6214,49.2
2026-02-01,NNJ07,LOUGHBOROUGH URGENT CARE CENTRE,NHS ENGLAND MIDLANDS ,0,0,0,0,0,0,0,0,0,0,
2026-02-01,RWF,MAIDSTONE AND TUNBRIDGE WELLS NHS TRUST,NHS ENGLAND SOUTH EAST ,16798,804,4094,146,933,373,2226,697,17602,4240,75.9
2026-02-01,R0A,MANCHESTER UNIVERSITY NHS FOUNDATION TRUST,NHS ENGLAND NORTH WEST ,24273,3267,9641,1271,3528,83,5443,409,27540,10912,60.4
2026-02-01,NNJ12,MARKET HARBOROUGH,NHS ENGLAND MIDLANDS ,0,0,0,0,0,0,0,0,0,0,
2026-02-01,C82009,MARKET HARBOROUGH MED.CTR,NHS ENGLAND MIDLANDS ,0,0,0,0,0,0,0,0,0,0,
2026-02-01,RPA,MEDWAY NHS FOUNDATION TRUST,NHS ENGLAND SOUTH EAST ,8536,273,3136,68,227,817,1581,492,8809,3204,63.6
2026-02-01,NNJ13,MELTON MOWBRAY,NHS ENGLAND MIDLANDS ,0,0,0,0,0,0,0,0,0,0,
2026-02-01,RBN,MERSEY AND WEST LANCASHIRE TEACHING HOSPITALS NHS TRUST,NHS ENGLAND NORTH WEST ,15685,214,6218,42,389,480,6608,654,15899,6260,60.6
2026-02-01,RW4,MERSEY CARE NHS FOUNDATION TRUST,NHS ENGLAND NORTH WEST ,0,0,0,0,0,0,0,34,0,0,
2026-02-01,RAJ,MID AND SOUTH ESSEX NHS FOUNDATION TRUST,NHS ENGLAND EAST OF ENGLAND ,24311,0,10563,0,2196,1184,7794,1073,24311,10563,56.6
2026-02-01,RBT,MID CHESHIRE HOSPITALS NHS FOUNDATION TRUST,NHS ENGLAND NORTH WEST ,6395,0,3649,0,354,634,2177,697,6395,3649,42.9
2026-02-01,RXF,MID YORKSHIRE TEACHING NHS TRUST,NHS ENGLAND NORTH EAST AND YORKSHIRE ,14874,112,5674,0,2006,610,3065,812,14986,5674,62.1
2026-02-01,RD8,MILTON KEYNES UNIVERSITY HOSPITAL NHS FOUNDATION TRUST,NHS ENGLAND EAST OF ENGLAND ,7474,693,3776,378,607,0,2082,408,8167,4154,49.1
2026-02-01,Y02532,MIRIAM MINOR EMERGENCY,NHS ENGLAND NORTH WEST ,0,0,0,0,0,0,0,0,0,0,
2026-02-01,RP6,MOORFIELDS EYE HOSPITAL NHS FOUNDATION TRUST,NHS ENGLAND LONDON,0,0,0,0,0,0,0,223,0,0,
2026-02-01,RM1,NORFOLK AND NORWICH UNIVERSITY HOSPITALS NHS FOUNDATION TRUST,NHS ENGLAND EAST OF ENGLAND ,11506,0,3622,0,648,410,2068,1419,11506,3622,68.5
2026-02-01,RVJ,NORTH BRISTOL NHS TRUST,NHS ENGLAND SOUTH WEST ,8262,13,2947,5,441,430,3123,2197,8275,2952,64.3
2026-02-01,RNN,NORTH CUMBRIA INTEGRATED CARE NHS FOUNDATION TRUST,NHS ENGLAND NORTH EAST AND YORKSHIRE ,8014,8,3569,2,667,378,1932,442,8022,3571,55.5
2026-02-01,RAT,NORTH EAST LONDON NHS FOUNDATION TRUST,NHS ENGLAND LONDON,0,0,0,0,0,0,0,0,0,0,
2026-02-01,RVW,NORTH TEES AND HARTLEPOOL NHS FOUNDATION TRUST,NHS ENGLAND NORTH EAST AND YORKSHIRE ,4547,0,2496,0,209,39,1530,2315,4547,2496,45.1
2026-02-01,RGN,NORTH WEST ANGLIA NHS FOUNDATION TRUST,NHS ENGLAND EAST OF ENGLAND ,14103,316,5984,69,501,921,3550,1321,14419,6053,58.0
2026-02-01,RNS,NORTHAMPTON GENERAL HOSPITAL NHS TRUST,NHS ENGLAND MIDLANDS ,9778,0,3806,0,349,856,2210,448,9778,3806,61.1
2026-02-01,RM3,NORTHERN CARE ALLIANCE NHS FOUNDATION TRUST,NHS ENGLAND NORTH WEST ,23361,0,9499,0,807,1246,7263,2114,23361,9499,59.3
2026-02-01,RJL,NORTHERN LINCOLNSHIRE AND GOOLE NHS FOUNDATION TRUST,NHS ENGLAND NORTH EAST AND YORKSHIRE ,9527,0,4382,0,576,874,5136,369,9527,4382,54.0
2026-02-01,RTF,NORTHUMBRIA HEALTHCARE NHS FOUNDATION TRUST,NHS ENGLAND NORTH EAST AND YORKSHIRE ,9593,0,2664,0,45,0,3832,507,9593,2664,72.2
2026-02-01,RX1,NOTTINGHAM UNIVERSITY HOSPITALS NHS TRUST,NHS ENGLAND MIDLANDS ,11557,0,6776,0,147,1066,3075,3948,11557,6776,41.4
2026-02-01,NNJ14,OADBY,NHS ENGLAND MIDLANDS ,0,0,0,0,0,0,0,0,0,0,
2026-02-01,NNJ15,OAKHAM,NHS ENGLAND MIDLANDS ,0,0,0,0,0,0,0,0,0,0,
2026-02-01,L83087,OKEHAMPTON MEDICAL CENTRE,NHS ENGLAND SOUTH WEST ,0,0,0,0,0,0,0,0,0,0,
2026-02-01,RNU,OXFORD HEALTH NHS FOUNDATION TRUST,NHS ENGLAND SOUTH EAST ,0,0,0,0,0,0,0,0,0,0,
2026-02-01,RTH,OXFORD UNIVERSITY HOSPITALS NHS FOUNDATION TRUST,NHS ENGLAND SOUTH EAST ,10971,1442,3002,227,305,0,4780,4240,12413,3229,74.0
2026-02-01,NQT5H,PAULTON MEMORIAL HOSPITAL,NHS ENGLAND SOUTH WEST ,0,0,0,0,0,0,0,0,0,0,
2026-02-01,AQN04,PHL LYMINGTON UTC,NHS ENGLAND SOUTH EAST ,0,0,0,0,0,0,0,0,0,0,
2026-02-01,RHU,PORTSMOUTH HOSPITALS UNIVERSITY NHS TRUST,NHS ENGLAND SOUTH EAST ,9755,1759,3810,510,799,1039,2984,2316,11514,4320,62.5
2026-02-01,NTP11,PRACTICE PLUS GROUP HOSPITAL - SOUTHAMPTON,NHS ENGLAND SOUTH EAST ,0,0,0,0,0,0,0,0,0,0,
2026-02-01,NTPAD,PRACTICE PLUS GROUP SURGICAL CENTRE - ST MARYS PORTSMOUTH,NHS ENGLAND SOUTH EAST ,0,0,0,0,0,0,0,0,0,0,
2026-02-01,Y02428,PUTNOE WALK IN CENTRE,NHS ENGLAND EAST OF ENGLAND ,0,0,0,0,0,0,0,0,0,0,
2026-02-01,RPC,QUEEN VICTORIA HOSPITAL NHS FOUNDATION TRUST,NHS ENGLAND SOUTH EAST ,0,0,0,0,0,0,0,500,0,0,
2026-02-01,NV693,ROSSENDALE MIU & OOH,NHS ENGLAND NORTH WEST ,0,0,0,0,0,0,0,0,0,0,
2026-02-01,RHW,ROYAL BERKSHIRE NHS FOUNDATION TRUST,NHS ENGLAND SOUTH EAST ,10031,1239,3586,274,783,52,2106,335,11270,3860,65.7
2026-02-01,REF,ROYAL CORNWALL HOSPITALS NHS TRUST,NHS ENGLAND SOUTH WEST ,6239,0,3619,0,663,529,2409,1154,6239,3619,42.0
2026-02-01,RH8,ROYAL DEVON UNIVERSITY HEALTHCARE NHS FOUNDATION TRUST,NHS ENGLAND SOUTH WEST ,11271,1389,5037,564,885,298,3096,1832,12660,5601,55.8
2026-02-01,RAL,ROYAL FREE LONDON NHS FOUNDATION TRUST,NHS ENGLAND LONDON,24307,142,8072,51,836,1870,5783,718,24449,8123,66.8
2026-02-01,RAN,ROYAL NATIONAL ORTHOPAEDIC HOSPITAL NHS TRUST,NHS ENGLAND LONDON,0,0,0,0,0,0,0,17,0,0,
2026-02-01,RA2,ROYAL SURREY NHS FOUNDATION TRUST,NHS ENGLAND SOUTH EAST ,6229,833,2097,212,326,8,2204,994,7062,2309,67.3
2026-02-01,RD1,ROYAL UNITED HOSPITALS BATH NHS FOUNDATION TRUST,NHS ENGLAND SOUTH WEST ,8288,0,3645,0,806,219,2553,2071,8288,3645,56.0
2026-02-01,RNZ,SALISBURY NHS FOUNDATION TRUST,NHS ENGLAND SOUTH WEST ,4191,195,1871,84,395,152,1221,900,4386,1955,55.4
2026-02-01,RXK,SANDWELL AND WEST BIRMINGHAM HOSPITALS NHS TRUST,NHS ENGLAND MIDLANDS ,10569,397,5128,202,711,448,2292,96,10966,5330,51.4
2026-02-01,RCU,SHEFFIELD CHILDREN'S NHS FOUNDATION TRUST,NHS ENGLAND NORTH EAST AND YORKSHIRE ,4002,183,295,18,16,0,896,87,4185,313,92.5
2026-02-01,RHQ,SHEFFIELD TEACHING HOSPITALS NHS FOUNDATION TRUST,NHS ENGLAND NORTH EAST AND YORKSHIRE ,8037,268,4030,117,935,4,2917,3294,8305,4147,50.1
2026-02-01,RK5,SHERWOOD FOREST HOSPITALS NHS FOUNDATION TRUST,NHS ENGLAND MIDLANDS ,10460,0,3976,0,843,365,3533,287,10460,3976,62.0
2026-02-01,R1D,SHROPSHIRE COMMUNITY HEALTH NHS TRUST,NHS ENGLAND MIDLANDS ,0,0,0,0,0,0,0,0,0,0,
2026-02-01,NLX,SIRONA CARE & HEALTH,NHS ENGLAND SOUTH WEST ,0,0,0,0,0,0,0,0,0,0,
2026-02-01,NQT5F,SKELMERSDALE WALK IN CENTRE,NHS ENGLAND NORTH WEST ,0,0,0,0,0,0,0,0,0,0,
2026-02-01,C83023,SLEAFORD MEDICAL GROUP,NHS ENGLAND MIDLANDS ,0,0,0,0,0,0,0,1,0,0,
2026-02-01,RH5,SOMERSET NHS FOUNDATION TRUST,NHS ENGLAND SOUTH WEST ,10507,0,5465,0,552,196,2772,1570,10507,5465,48.0
2026-02-01,Y02615,SOUTH BIRMINGHAM GP WALK IN CENTRE,NHS ENGLAND MIDLANDS ,0,0,0,0,0,0,0,0,0,0,
2026-02-01,RTR,SOUTH TEES HOSPITALS NHS FOUNDATION TRUST,NHS ENGLAND NORTH EAST AND YORKSHIRE ,7009,0,3486,0,372,35,2119,2448,7009,3486,50.3
2026-02-01,R0B,SOUTH TYNESIDE AND SUNDERLAND NHS FOUNDATION TRUST,NHS ENGLAND NORTH EAST AND YORKSHIRE ,10371,842,5314,457,723,1,4199,1032,11213,5771,48.5
2026-02-01,RJC,SOUTH WARWICKSHIRE UNIVERSITY NHS FOUNDATION TRUST,NHS ENGLAND MIDLANDS ,7533,2,2135,0,508,87,1636,633,7535,2135,71.7
2026-02-01,RXG,SOUTH WEST YORKSHIRE PARTNERSHIP NHS FOUNDATION TRUST,NHS ENGLAND NORTH EAST AND YORKSHIRE ,0,0,0,0,0,0,0,131,0,0,
2026-02-01,RYF,SOUTH WESTERN AMBULANCE SERVICE NHS FOUNDATION TRUST,NHS ENGLAND SOUTH WEST ,0,0,0,0,0,0,0,0,0,0,
2026-02-01,RJ7,ST GEORGE'S UNIVERSITY HOSPITALS NHS FOUNDATION TRUST,NHS ENGLAND LONDON,8228,299,2779,65,419,443,1782,532,8527,2844,66.6
2026-02-01,RWJ,STOCKPORT NHS FOUNDATION TRUST,NHS ENGLAND NORTH WEST ,7049,362,2811,107,528,380,2272,993,7411,2918,60.6
2026-02-01,NQTE4,SUMMERFIELD URGENT CARE CENTRE,NHS ENGLAND MIDLANDS ,0,0,0,0,0,0,0,0,0,0,
2026-02-01,RTP,SURREY AND SUSSEX HEALTHCARE NHS TRUST,NHS ENGLAND SOUTH EAST ,9234,0,4051,0,485,593,2673,841,9234,4051,56.1
2026-02-01,RDR,SUSSEX COMMUNITY NHS FOUNDATION TRUST,NHS ENGLAND SOUTH EAST ,0,0,0,0,0,0,0,0,0,0,
2026-02-01,RMP,TAMESIDE AND GLOSSOP INTEGRATED CARE NHS FOUNDATION TRUST,NHS ENGLAND NORTH WEST ,7536,340,4074,0,321,706,1527,259,7876,4074,48.3
2026-02-01,AAH,TETBURY HOSPITAL TRUST LTD,NHS ENGLAND SOUTH WEST ,0,0,0,0,0,0,0,0,0,0,
2026-02-01,RBV,THE CHRISTIE NHS FOUNDATION TRUST,NHS ENGLAND NORTH WEST ,0,0,0,0,0,0,0,795,0,0,
2026-02-01,RNA,THE DUDLEY GROUP NHS FOUNDATION TRUST,NHS ENGLAND MIDLANDS ,8946,0,3063,0,2445,178,3265,2497,8946,3063,65.8
2026-02-01,RAS,THE HILLINGDON HOSPITALS NHS FOUNDATION TRUST,NHS ENGLAND LONDON,4633,0,1969,0,520,18,1622,64,4633,1969,57.5
2026-02-01,RTD,THE NEWCASTLE UPON TYNE HOSPITALS NHS FOUNDATION TRUST,NHS ENGLAND NORTH EAST AND YORKSHIRE ,10171,0,4926,0,627,63,3666,2700,10171,4926,51.6
2026-02-01,Y03218,THE PINN UNREGISTERED WIC,NHS ENGLAND LONDON,0,0,0,0,0,0,0,0,0,0,
2026-02-01,RQW,THE PRINCESS ALEXANDRA HOSPITAL NHS TRUST,NHS ENGLAND EAST OF ENGLAND ,7845,0,2063,0,522,286,1729,302,7845,2063,73.7
2026-02-01,RCX,"THE QUEEN ELIZABETH HOSPITAL, KING'S LYNN, NHS FOUNDATION TRUST",NHS ENGLAND EAST OF ENGLAND ,6151,0,2827,0,720,131,1792,361,6151,2827,54.0
2026-02-01,RL1,THE ROBERT JONES AND AGNES HUNT ORTHOPAEDIC HOSPITAL NHS FOUNDATION TRUST,NHS ENGLAND MIDLANDS ,0,0,0,0,0,0,0,34,0,0,
2026-02-01,RFR,THE ROTHERHAM NHS FOUNDATION TRUST,NHS ENGLAND NORTH EAST AND YORKSHIRE ,8770,0,2958,0,903,54,1557,440,8770,2958,66.3
2026-02-01,RL4,THE ROYAL WOLVERHAMPTON NHS TRUST,NHS ENGLAND MIDLANDS ,10403,106,3647,22,848,511,2387,4004,10509,3669,65.1
2026-02-01,RXW,THE SHREWSBURY AND TELFORD HOSPITAL NHS TRUST,NHS ENGLAND MIDLANDS ,9920,0,5562,0,475,1366,3299,1986,9920,5562,43.9
2026-02-01,RET,THE WALTON CENTRE NHS FOUNDATION TRUST,NHS ENGLAND NORTH WEST ,0,0,0,0,0,0,0,151,0,0,
2026-02-01,RA9,TORBAY AND SOUTH DEVON NHS FOUNDATION TRUST,NHS ENGLAND SOUTH WEST ,6060,380,3014,161,156,74,1948,1132,6440,3175,50.7
2026-02-01,TOTAL,TOTAL,TOTAL,1271830,26175,519984,7252,77589,54649,355598,131085,1298005,527236,59.4
2026-02-01,G3P9C,TROWBRIDGE MINOR INJURIES UNIT,NHS ENGLAND SOUTH WEST ,0,0,0,0,0,0,0,0,0,0,
2026-02-01,RWD,UNITED LINCOLNSHIRE TEACHING HOSPITALS NHS TRUST,NHS ENGLAND MIDLANDS ,16500,0,6701,0,581,1296,4575,1222,16500,6701,59.4
2026-02-01,RRV,UNIVERSITY COLLEGE LONDON HOSPITALS NHS FOUNDATION TRUST,NHS ENGLAND LONDON,12017,522,3222,0,391,287,1260,320,12539,3222,74.3
2026-02-01,RHM,UNIVERSITY HOSPITAL SOUTHAMPTON NHS FOUNDATION TRUST,NHS ENGLAND SOUTH EAST ,9612,0,2738,0,155,10,3412,1380,9612,2738,71.5
2026-02-01,RRK,UNIVERSITY HOSPITALS BIRMINGHAM NHS FOUNDATION TRUST,NHS ENGLAND MIDLANDS ,30640,0,12820,0,2238,1923,9296,7490,30640,12820,58.2
2026-02-01,RA7,UNIVERSITY HOSPITALS BRISTOL AND WESTON NHS FOUNDATION TRUST,NHS ENGLAND SOUTH WEST ,14252,0,5165,0,979,440,4346,1504,14252,5165,63.8
2026-02-01,RKB,UNIVERSITY HOSPITALS COVENTRY AND WARWICKSHIRE NHS TRUST,NHS ENGLAND MIDLANDS ,11365,0,4797,0,50,14,871,340,11365,4797,57.8
2026-02-01,R0D,UNIVERSITY HOSPITALS DORSET NHS FOUNDATION TRUST,NHS ENGLAND SOUTH WEST ,13434,0,6069,0,997,454,3880,2371,13434,6069,54.8
2026-02-01,RTG,UNIVERSITY HOSPITALS OF DERBY AND BURTON NHS FOUNDATION TRUST,NHS ENGLAND MIDLANDS ,16670,2365,8448,496,1032,727,3563,2061,19035,8944,53.0
2026-02-01,RWE,UNIVERSITY HOSPITALS OF LEICESTER NHS TRUST,NHS ENGLAND MIDLANDS ,20546,0,8190,0,1192,727,6428,3708,20546,8190,60.1
2026-02-01,RTX,UNIVERSITY HOSPITALS OF MORECAMBE BAY NHS FOUNDATION TRUST,NHS ENGLAND NORTH WEST ,7794,128,3545,18,594,766,2900,874,7922,3563,55.0
2026-02-01,RJE,UNIVERSITY HOSPITALS OF NORTH MIDLANDS NHS TRUST,NHS ENGLAND MIDLANDS ,13322,611,7432,339,1095,927,4405,1001,13933,7771,44.2
2026-02-01,RK9,UNIVERSITY HOSPITALS PLYMOUTH NHS TRUST,NHS ENGLAND SOUTH WEST ,7807,0,4956,0,516,591,2736,1682,7807,4956,36.5
2026-02-01,RYR,UNIVERSITY HOSPITALS SUSSEX NHS FOUNDATION TRUST,NHS ENGLAND SOUTH EAST ,24026,1426,10461,509,894,946,7713,1597,25452,10970,56.9
2026-02-01,RBK,WALSALL HEALTHCARE NHS TRUST,NHS ENGLAND MIDLANDS ,8964,52,3143,18,1048,331,3976,834,9016,3161,64.9
2026-02-01,RWW,WARRINGTON AND HALTON TEACHING HOSPITALS NHS FOUNDATION TRUST,NHS ENGLAND NORTH WEST ,5982,250,3167,80,491,825,1658,112,6232,3247,47.9
2026-02-01,RWG,WEST HERTFORDSHIRE TEACHING HOSPITALS NHS TRUST,NHS ENGLAND EAST OF ENGLAND ,7839,0,2151,0,486,29,4313,666,7839,2151,72.6
2026-02-01,RGR,WEST SUFFOLK NHS FOUNDATION TRUST,NHS ENGLAND EAST OF ENGLAND ,7170,51,2577,0,428,546,1777,231,7221,2577,64.3
2026-02-01,ACH01,WHITSTABLE MEDICAL PRACTICE,NHS ENGLAND SOUTH EAST ,0,0,0,0,0,0,0,0,0,0,
2026-02-01,RKE,WHITTINGTON HEALTH NHS TRUST,NHS ENGLAND LONDON,8193,0,2212,0,237,269,1335,34,8193,2212,73.0
2026-02-01,RY7,WIRRAL COMMUNITY HEALTH AND CARE NHS FOUNDATION TRUST,NHS ENGLAND NORTH WEST ,0,0,0,0,0,0,0,0,0,0,
2026-02-01,RBL,WIRRAL UNIVERSITY TEACHING HOSPITAL NHS FOUNDATION TRUST,NHS ENGLAND NORTH WEST ,6951,0,3741,0,440,758,1975,1781,6951,3741,46.2
2026-02-01,NTV0W,WOKING WALK IN CENTRE,NHS ENGLAND SOUTH EAST ,0,0,0,0,0,0,0,0,0,0,
2026-02-01,RWP,WORCESTERSHIRE ACUTE HOSPITALS NHS TRUST,NHS ENGLAND MIDLANDS ,12297,0,5555,0,786,1059,2848,800,12297,5555,54.8
2026-02-01,AJN,WORKINGTON HEALTH LIMITED,NHS ENGLAND NORTH EAST AND YORKSHIRE ,0,0,0,0,0,0,0,0,0,0,
2026-02-01,RRF,"WRIGHTINGTON, WIGAN AND LEIGH TEACHING HOSPITALS NHS FOUNDATION TRUST",NHS ENGLAND NORTH WEST ,6165,0,3757,0,656,520,1724,379,6165,3757,39.1
2026-02-01,RLQ,WYE VALLEY NHS TRUST,NHS ENGLAND MIDLANDS ,5398,103,2364,20,456,234,1332,119,5501,2384,56.7
2026-02-01,RCB,YORK AND SCARBOROUGH TEACHING HOSPITALS NHS FOUNDATION TRUST,NHS ENGLAND NORTH EAST AND YORKSHIRE ,10322,0,5614,0,760,406,4693,1506,10322,5614,45.6
